casa,site,liminar
1 Pra 1,1pra1.bet.br,nao
1Xbet,1xbet.bet.br,nao
4Play,4play.bet.br,nao
4Win,4win.bet.br,nao
55W,55w.bet.br,nao
5G,5g.bet.br,nao
6R,6r.bet.br,nao
6Z,6z.bet.br,nao
7Games,7games.bet.br,nao
7K,7k.bet.br,nao
9D,9d.bet.br,nao
9F,9f.bet.br,nao
A247,a247.bet.br,nao
Afun,afun.bet.br,nao
Ai,ai.bet.br,nao
Alfa.Bet,alfa.bet.br,nao
Aposta Bet,aposta.bet.br,nao
Aposta Ganha,apostaganha.bet.br,nao
Aposta1,aposta1.bet.br,nao
Apostamax,apostamax.bet.br,nao
Apostaonline,apostaonline.bet.br,sim
Apostar,apostar.bet.br,nao
Apostatudo,apostatudo.bet.br,nao
Apostou,apostou.bet.br,nao
Arenaplus,arenaplus.bet.br,nao
Aviãobet,aviao.bet.br,nao
B1 Bet,b1bet.bet.br,nao
Bacanaplay,bacanaplay.bet.br,nao
Bandbet,bandbet.bet.br,nao
Bateu Bet,bateu.bet.br,nao
Baú Bingo,bau.bet.br,nao
Bet Aki,betaki.bet.br,nao
Bet Buffalos,betbuffalos.bet.br,nao
Bet Da Sorte,betdasorte.bet.br,nao
Bet Do Milhão,milhao.bet.br,nao
Bet Falcons,betfalcons.bet.br,nao
Bet Gorillas,betgorillas.bet.br,nao
Bet Sul,betsul.bet.br,nao
Bet.App,betapp.bet.br,nao
Bet.Bet,betpontobet.bet.br,nao
Bet365,bet365.bet.br,nao
Bet4,bet4.bet.br,nao
Betano,betano.bet.br,nao
Betboo,betboo.bet.br,nao
Betboom,betboom.bet.br,nao
Betbra,betbra.bet.br,nao
Betcaixa,betcaixa.bet.br,nao
Betcopa,betcopa.bet.br,nao
Betespecial,betespecial.bet.br,nao
Betesporte,betesporte.bet.br,nao
Betfair,betfair.bet.br,nao
Betfast,betfast.bet.br,nao
Betfusion,betfusion.bet.br,nao
Betgo,betgo.bet.br,nao
Betmgm,betmgm.bet.br,nao
Betnacional,betnacional.bet.br,nao
Betou,betou.bet.br,nao
Betpix365,betpix365.bet.br,nao
Betsson,betsson.bet.br,nao
Betvip,betvip.bet.br,nao
Betwarrior,betwarrior.bet.br,nao
Betão,betao.bet.br,nao
Big,big.bet.br,nao
Bingo,bingo.bet.br,nao
Bingoplus,bingoplus.bet.br,nao
Blaze,blaze.bet.br,nao
Bolsa De Aposta,bolsadeaposta.bet.br,nao
Br4Bet,br4.bet.br,nao
Bra,bra.bet.br,nao
Brasil Da Sorte,brasildasorte.bet.br,nao
Brasil.Bet,brasil.bet.br,nao
Bravo,bravo.bet.br,nao
Brazino777,brazino777.bet.br,nao
Brbet,brbet.bet.br,nao
Brxbet,brx.bet.br,nao
Bullsbet,bullsbet.bet.br,nao
Bz,bz.bet.br,nao
Casa De Apostas,casadeapostas.bet.br,nao
Cassino,cassino.bet.br,nao
Cbesportes,cbesportes.bet.br,nao
Cgg,cgg.bet.br,nao
Donaldbet,donald.bet.br,nao
Donosdabola,donosdabola.bet.br,nao
Dr. Bingo,drbingo.bet.br,nao
Energia,energia.bet,sim
Energia,energia.bet.br,nao
Esporte 365,esporte365.bet.br,nao
Esportes Da Sorte,esportesdasorte.bet.br,nao
Esportiva Bet,esportiva.bet.br,nao
Esportivavip,esportivavip.bet.br,nao
Estrelabet,estrelabet.bet.br,nao
F12.Bet,f12.bet.br,nao
Fanbit,fanbit.bet.br,nao
Faz O Bet,fazo.bet.br,nao
Faz1Bet,faz1.bet.br,nao
Fogo777,fogo777.bet.br,nao
Free,free.bet.br,nao
Fulltbet,fulltbet.bet.br,nao
Fybet,fybet.bet.br,nao
Galera.Bet,galera.bet.br,nao
Ganheibet,ganhei.bet.br,nao
Geralbet,geralbet.bet.br,nao
Gingabet,ginga.bet.br,nao
Gol De Bet,goldebet.bet.br,nao
H2 Bet,h2.bet.br,nao
Hiperbet,hiper.bet.br,nao
Ice,ice.bet.br,nao
Ijogo,ijogo.bet.br,nao
Joga Junto,jogajunto.bet.br,nao
Joga Limpo,jogalimpo.bet.br,nao
Jogo De Ouro,jogodeouro.bet.br,nao
Jogo Online,jogoonline.bet.br,nao
Jogos,jogos.bet.br,nao
Jogão,jogao.bet.br,nao
Jonbet,jonbet.bet.br,nao
Kbet,kbet.bet.br,nao
King Panda,kingpanda.bet.br,nao
Kto,kto.bet.br,nao
Lance De Sorte,lancedesorte.bet.br,nao
Lotogreen,lotogreen.bet.br,nao
Lottoland,lottoland.bet.br,nao
Lottu,lottu.bet.br,nao
Luck.Bet,luck.bet.br,nao
Luva.Bet,luva.bet.br,nao
Líderbet,lider.bet.br,nao
Magicjackpot,magicjackpot.bet.br,nao
Matchbook,matchbook.bet.br,nao
Maximabet,maxima.bet.br,nao
Mcgames,mcgames.bet.br,nao
Megabet,megabet.bet.br,nao
Megaposta,megaposta.bet.br,nao
Meridian,meridianbet.bet.br,nao
Mgm,mgm.bet.br,nao
Mma,mmabet.bet.br,nao
Montecarlos,montecarlos.bet.br,nao
Multibet,multi.bet.br,nao
Nossabet,nossa.bet.br,nao
Novibet,novibet.bet.br,nao
Obabet,obabet.bet.br,nao
Oleybet,oleybet.bet.br,nao
Onabet,ona.bet.br,nao
Onlybets,onlybets.bet.br,sim
P9,p9.bet.br,nao
Pagol,pagol.bet.br,nao
Papigames,papigames.bet.br,nao
Pin,pin.bet.br,nao
Pinnacle,pinnacle.bet.br,nao
Pitaco,pitaco.bet.br,nao
Pixbet,pix.bet.br,nao
Play,play.bet.br,nao
Playuzu,playuzu.bet.br,nao
Pq777,pq777.bet.br,nao
Qgbet,qg.bet.br,nao
R7,r7.bet.br,nao
Rdp,rdp.bet.br,nao
Reals,reals.bet.br,nao
Receba,receba.bet.br,nao
Rei Do Pitaco,reidopitaco.bet.br,nao
Ricobet,rico.bet.br,nao
Rivalo,rivalo.bet.br,nao
Seguro Bet,seguro.bet.br,nao
Seubet,seu.bet.br,nao
Sorte Online,sorteonline.bet.br,nao
Sortenabet,sortenabet.bet.br,nao
Sportingbet,sportingbet.bet.br,nao
Sportvip,sportvip.bet,sim
Sportybet,sporty.bet.br,nao
Stake,stake.bet.br,nao
Startbet,start.bet.br,nao
Super,super.bet.br,nao
Superbet,superbet.bet.br,nao
Supremabet,suprema.bet.br,nao
Tiger.Bet,tiger.bet.br,nao
Tivobet,tivo.bet.br,nao
Tradicional,tradicional.bet.br,nao
Tropino,tropino.bet.br,nao
Ultrabet,ultra.bet.br,nao
Upbetbr,up.bet.br,nao
Vaidebet,vaidebet.bet.br,nao
Vbet,vbet.bet.br,nao
Vera,vera.bet.br,nao
Versusbet,versus.bet.br,nao
Vert,vert.bet.br,nao
Vivaro,vivaro.bet.br,nao
Vivasorte,vivasorte.bet.br,nao
Vupi,vupi.bet.br,nao
Wjcasino,wjcasino.bet.br,nao
Xbet Caixa,xbetcaixa.bet.br,nao
Xx,xx.bet.br,nao
Zeroum,zeroum.bet,sim
Zona De Jogo,zonadejogo.bet.br,sim
Teste,example.com,nao
