data_hora,casa,site,de,para,motivo
2026-10-06T11:14:19-03:00,5G,5g.bet.br,indeterminado,bloqueado,301 -> www.brasilsembets.gov.br
2026-10-06T11:14:19-03:00,Papigames,papigames.bet.br,indeterminado,bloqueado,aviso: 1.394
2026-10-06T11:25:26-03:00,Joga Limpo,jogalimpo.bet.br,indeterminado,bloqueado,302 -> brasilsembets.gov.br
2026-10-06T11:25:26-03:00,Sportvip,sportvip.bet,respondendo,bloqueado,302 -> brasilsembets.gov.br
2026-10-06T12:21:00-03:00,Cgg,cgg.bet.br,indeterminado,bloqueado,301 -> brasilsembets.gov.br
2026-10-06T12:32:04-03:00,Montecarlos,montecarlos.bet.br,indeterminado,bloqueado,301 -> www.brasilsembets.gov.br
2026-10-06T13:20:11-03:00,Bet Do Milhão,milhao.bet.br,bloqueado,indeterminado,navegador: Error
2026-10-06T13:42:54-03:00,Bet Do Milhão,milhao.bet.br,indeterminado,bloqueado,302 -> www.brasilsembets.gov.br
2026-10-06T13:42:54-03:00,Bra,bra.bet.br,indeterminado,bloqueado,302 -> www.brasilsembets.gov.br
2026-10-06T14:16:15-03:00,Jogo Online,jogoonline.bet.br,indeterminado,bloqueado,302 -> brasilsembets.gov.br
